title |title_detail |links |link |summary |summary_detail |published |published_parsed
Poesia que era para ser póstuma deve sair com autora ainda viva|{ type :  text/plain ,  language : None,  base :  https://feeds.folha.uol.com.br/emcimadahora/rss091.xml ,  value :  Poesia que era para ser póstuma deve sair com autora ainda viva }|[{ rel :  alternate ,  type :  text/html ,  href :  https://redir.folha.com.br/redir/online/emcimadahora/rss091/*https://www1.folha.uol.com.br/colunas/walter-porto/2020/07/poesia-que-era-para-ser-postuma-deve-sair-com-autora-ainda-viva.shtml }]|https://redir.folha.com.br/redir/online/emcimadahora/rss091/*https://www1.folha.uol.com.br/colunas/walter-porto/2020/07/poesia-que-era-para-ser-postuma-deve-sair-com-autora-ainda-viva.shtml|A Relicário publica em agosto  Batendo Pasto , livro escrito em 1982 por Maria Lúcia Alvim -resgatado de um manuscrito que a poeta mineira havia confiado a <a href= https://www1.folha.uol.com.br/ilustrissima/2019/12/ousadia-seria-flip-homenagear-juntos-bishop-e-seu-tradutor.shtml >Paulo Henriques Britto</a> com instruções para publicar só depois de sua morte. <a href= https://redir.folha.com.br/redir/online/emcimadahora/rss091/*https://www1.folha.uol.com.br/colunas/walter-porto/2020/07/poesia-que-era-para-ser-postuma-deve-sair-com-autora-ainda-viva.shtml >Leia mais</a> (07/03/2020 - 19h00)|{ type :  text/html ,  language : None,  base :  https://feeds.folha.uol.com.br/emcimadahora/rss091.xml ,  value :  A Relicário publica em agosto  Batendo Pasto , livro escrito em 1982 por Maria Lúcia Alvim -resgatado de um manuscrito que a poeta mineira havia confiado a <a href= https://www1.folha.uol.com.br/ilustrissima/2019/12/ousadia-seria-flip-homenagear-juntos-bishop-e-seu-tradutor.shtml >Paulo Henriques Britto</a> com instruções para publicar só depois de sua morte.\n<a href= https://redir.folha.com.br/redir/online/emcimadahora/rss091/*https://www1.folha.uol.com.br/colunas/walter-porto/2020/07/poesia-que-era-para-ser-postuma-deve-sair-com-autora-ainda-viva.shtml >Leia mais</a> (07/03/2020 - 19h00) }|03 Jul 2020 19:00:00 -0300|time.struct_time(tm_year=2020, tm_mon=7, tm_mday=3, tm_hour=22, tm_min=0, tm_sec=0, tm_wday=4, tm_yday=185, tm_isdst=0)
Hana Khalil chora e explica doação de auxílio emergencial:  Pessoas não medem ódio |{ type :  text/plain ,  language : None,  base :  https://feeds.folha.uol.com.br/emcimadahora/rss091.xml ,  value :  Hana Khalil chora e explica doação de auxílio emergencial:  Pessoas não medem ódio  }|[{ rel :  alternate ,  type :  text/html ,  href :  https://redir.folha.com.br/redir/online/emcimadahora/rss091/*https://f5.folha.uol.com.br/celebridades/2020/07/hana-khalil-chora-e-explica-doacao-de-auxilio-emergencial-pessoas-nao-medem-odio.shtml }]|https://redir.folha.com.br/redir/online/emcimadahora/rss091/*https://f5.folha.uol.com.br/celebridades/2020/07/hana-khalil-chora-e-explica-doacao-de-auxilio-emergencial-pessoas-nao-medem-odio.shtml|A influenciadora digital <a href= https://f5.folha.uol.com.br/televisao/2020/05/veteranos-do-de-ferias-com-o-ex-analisam-candidatos-e-dao-spoilers-sobre-temporada.shtml >Hana</a> <a href= https://f5.folha.uol.com.br/televisao/2020/05/veteranos-do-de-ferias-com-o-ex-analisam-candidatos-e-dao-spoilers-sobre-temporada.shtml >Khalil</a>, 24, tem sido atacada nas redes sociais desde que seu nome foi parar nos relatórios do governo de quem pede o auxílio emergencial de R$ 600. Isso porque ela resolveu doar a quantia por não precisar do valor. <a href= https://redir.folha.com.br/redir/online/emcimadahora/rss091/*https://f5.folha.uol.com.br/celebridades/2020/07/hana-khalil-chora-e-explica-doacao-de-auxilio-emergencial-pessoas-nao-medem-odio.shtml >Leia mais</a> (07/03/2020 - 19h00)|{ type :  text/html ,  language : None,  base :  https://feeds.folha.uol.com.br/emcimadahora/rss091.xml ,  value :  A influenciadora digital <a href= https://f5.folha.uol.com.br/televisao/2020/05/veteranos-do-de-ferias-com-o-ex-analisam-candidatos-e-dao-spoilers-sobre-temporada.shtml >Hana</a> <a href= https://f5.folha.uol.com.br/televisao/2020/05/veteranos-do-de-ferias-com-o-ex-analisam-candidatos-e-dao-spoilers-sobre-temporada.shtml >Khalil</a>, 24, tem sido atacada nas redes sociais desde que seu nome foi parar nos relatórios do governo de quem pede o auxílio emergencial de R$ 600. Isso porque ela resolveu doar a quantia por não precisar do valor.\n<a href= https://redir.folha.com.br/redir/online/emcimadahora/rss091/*https://f5.folha.uol.com.br/celebridades/2020/07/hana-khalil-chora-e-explica-doacao-de-auxilio-emergencial-pessoas-nao-medem-odio.shtml >Leia mais</a> (07/03/2020 - 19h00) }|03 Jul 2020 19:00:00 -0300|time.struct_time(tm_year=2020, tm_mon=7, tm_mday=3, tm_hour=22, tm_min=0, tm_sec=0, tm_wday=4, tm_yday=185, tm_isdst=0)
Não há evidência para uso de testes rápidos para Covid-19, aponta estudo|{ type :  text/plain ,  language : None,  base :  https://feeds.folha.uol.com.br/emcimadahora/rss091.xml ,  value :  Não há evidência para uso de testes rápidos para Covid-19, aponta estudo }|[{ rel :  alternate ,  type :  text/html ,  href :  https://redir.folha.com.br/redir/online/emcimadahora/rss091/*https://www1.folha.uol.com.br/equilibrioesaude/2020/07/nao-ha-evidencia-para-uso-de-testes-rapidos-para-covid-19-aponta-estudo.shtml }]|https://redir.folha.com.br/redir/online/emcimadahora/rss091/*https://www1.folha.uol.com.br/equilibrioesaude/2020/07/nao-ha-evidencia-para-uso-de-testes-rapidos-para-covid-19-aponta-estudo.shtml|Um estudo concluiu que não há evidências que sustentem o uso de <a href= https://www1.folha.uol.com.br/equilibrioesaude/2020/04/testes-rapidos-doados-tem-limitacoes-mas-atendem-necessidade-atual-diz-ministerio.shtml >testes rápidos para diagnóstico de </a><a href= https://www1.folha.uol.com.br/equilibrioesaude/2020/04/testes-rapidos-doados-tem-limitacoes-mas-atendem-necessidade-atual-diz-ministerio.shtml >Covid-19</a>. A análise foi publicada na revista científica BMJ no dia 1º de julho. <a href= https://redir.folha.com.br/redir/online/emcimadahora/rss091/*https://www1.folha.uol.com.br/equilibrioesaude/2020/07/nao-ha-evidencia-para-uso-de-testes-rapidos-para-covid-19-aponta-estudo.shtml >Leia mais</a> (07/03/2020 - 18h46)|{ type :  text/html ,  language : None,  base :  https://feeds.folha.uol.com.br/emcimadahora/rss091.xml ,  value :  Um estudo concluiu que não há evidências que sustentem o uso de <a href= https://www1.folha.uol.com.br/equilibrioesaude/2020/04/testes-rapidos-doados-tem-limitacoes-mas-atendem-necessidade-atual-diz-ministerio.shtml >testes rápidos para diagnóstico de </a><a href= https://www1.folha.uol.com.br/equilibrioesaude/2020/04/testes-rapidos-doados-tem-limitacoes-mas-atendem-necessidade-atual-diz-ministerio.shtml >Covid-19</a>. A análise foi publicada na revista científica BMJ no dia 1º de julho.\n<a href= https://redir.folha.com.br/redir/online/emcimadahora/rss091/*https://www1.folha.uol.com.br/equilibrioesaude/2020/07/nao-ha-evidencia-para-uso-de-testes-rapidos-para-covid-19-aponta-estudo.shtml >Leia mais</a> (07/03/2020 - 18h46) }|03 Jul 2020 18:46:00 -0300|time.struct_time(tm_year=2020, tm_mon=7, tm_mday=3, tm_hour=21, tm_min=46, tm_sec=0, tm_wday=4, tm_yday=185, tm_isdst=0)
Empresários da educação comemoram indicação de Feder para Ministério da Educação|{ type :  text/plain ,  language : None,  base :  https://feeds.folha.uol.com.br/emcimadahora/rss091.xml ,  value :  Empresários da educação comemoram indicação de Feder para Ministério da Educação }|[{ rel :  alternate ,  type :  text/html ,  href :  https://redir.folha.com.br/redir/online/emcimadahora/rss091/*https://www1.folha.uol.com.br/educacao/2020/07/empresarios-da-educacao-comemoram-indicacao-de-feder-para-ministerio-da-educacao.shtml }]|https://redir.folha.com.br/redir/online/emcimadahora/rss091/*https://www1.folha.uol.com.br/educacao/2020/07/empresarios-da-educacao-comemoram-indicacao-de-feder-para-ministerio-da-educacao.shtml|Mesmo que pouco conhecido na área educacional, o nome <a href= https://www1.folha.uol.com.br/educacao/2020/07/bolsonaro-confirma-renato-feder-secretario-do-parana-para-assumir-ministerio-da-educacao.shtml >de Ricardo Feder, convidado para comandar o Ministério da Educação</a>, agradou empresários do setor pelo perfil empreendedor, liberal e proximidade com o segmento privado. Para estudantes e secretários de educação, as mesmas características geram preocupação. <a href= https://redir.folha.com.br/redir/online/emcimadahora/rss091/*https://www1.folha.uol.com.br/educacao/2020/07/empresarios-da-educacao-comemoram-indicacao-de-feder-para-ministerio-da-educacao.shtml >Leia mais</a> (07/03/2020 - 18h44)|{ type :  text/html ,  language : None,  base :  https://feeds.folha.uol.com.br/emcimadahora/rss091.xml ,  value :  Mesmo que pouco conhecido na área educacional, o nome <a href= https://www1.folha.uol.com.br/educacao/2020/07/bolsonaro-confirma-renato-feder-secretario-do-parana-para-assumir-ministerio-da-educacao.shtml >de Ricardo Feder, convidado para comandar o Ministério da Educação</a>, agradou empresários do setor pelo perfil empreendedor, liberal e proximidade com o segmento privado. Para estudantes e secretários de educação, as mesmas características geram preocupação.\n<a href= https://redir.folha.com.br/redir/online/emcimadahora/rss091/*https://www1.folha.uol.com.br/educacao/2020/07/empresarios-da-educacao-comemoram-indicacao-de-feder-para-ministerio-da-educacao.shtml >Leia mais</a> (07/03/2020 - 18h44) }|03 Jul 2020 18:44:00 -0300|time.struct_time(tm_year=2020, tm_mon=7, tm_mday=3, tm_hour=21, tm_min=44, tm_sec=0, tm_wday=4, tm_yday=185, tm_isdst=0)
São Paulo testa tecido que evita transmissão do novo coronavírus|{ type :  text/plain ,  language : None,  base :  https://feeds.folha.uol.com.br/emcimadahora/rss091.xml ,  value :  São Paulo testa tecido que evita transmissão do novo coronavírus }|[{ rel :  alternate ,  type :  text/html ,  href :  https://redir.folha.com.br/redir/online/emcimadahora/rss091/*https://agora.folha.uol.com.br/sao-paulo/2020/07/sao-paulo-testa-tecido-que-evita-transmissao-do-novo-coronavirus.shtml }]|https://redir.folha.com.br/redir/online/emcimadahora/rss091/*https://agora.folha.uol.com.br/sao-paulo/2020/07/sao-paulo-testa-tecido-que-evita-transmissao-do-novo-coronavirus.shtml|O IPT (Instituto de Pesquisas Tecnológicas) está testando um tecido anticovid. O material eliminaria o novo coronavírus. A ideia é que ele seja utilizado em assentos e barras de ônibus, metrô e trem no estado de São Paulo. <a href= https://redir.folha.com.br/redir/online/emcimadahora/rss091/*https://agora.folha.uol.com.br/sao-paulo/2020/07/sao-paulo-testa-tecido-que-evita-transmissao-do-novo-coronavirus.shtml >Leia mais</a> (07/03/2020 - 18h39)|{ type :  text/html ,  language : None,  base :  https://feeds.folha.uol.com.br/emcimadahora/rss091.xml ,  value :  O IPT (Instituto de Pesquisas Tecnológicas) está testando um tecido anticovid. O material eliminaria o novo coronavírus. A ideia é que ele seja utilizado em assentos e barras de ônibus, metrô e trem no estado de São Paulo.\n<a href= https://redir.folha.com.br/redir/online/emcimadahora/rss091/*https://agora.folha.uol.com.br/sao-paulo/2020/07/sao-paulo-testa-tecido-que-evita-transmissao-do-novo-coronavirus.shtml >Leia mais</a> (07/03/2020 - 18h39) }|03 Jul 2020 18:39:00 -0300|time.struct_time(tm_year=2020, tm_mon=7, tm_mday=3, tm_hour=21, tm_min=39, tm_sec=0, tm_wday=4, tm_yday=185, tm_isdst=0)
Kim Jong-un diz que resposta da Coreia do Norte à pandemia foi  brilhante sucesso |{ type :  text/plain ,  language : None,  base :  https://feeds.folha.uol.com.br/emcimadahora/rss091.xml ,  value :  Kim Jong-un diz que resposta da Coreia do Norte à pandemia foi  brilhante sucesso  }|[{ rel :  alternate ,  type :  text/html ,  href :  https://redir.folha.com.br/redir/online/emcimadahora/rss091/*https://www1.folha.uol.com.br/mundo/2020/07/kim-jong-un-diz-que-resposta-da-coreia-do-norte-a-pandemia-foi-brilhante-sucesso.shtml }]|https://redir.folha.com.br/redir/online/emcimadahora/rss091/*https://www1.folha.uol.com.br/mundo/2020/07/kim-jong-un-diz-que-resposta-da-coreia-do-norte-a-pandemia-foi-brilhante-sucesso.shtml|O ditador norte-coreano, Kim Jong-un, afirmou nesta sexta-feira (3) que a resposta de seu país à <a href= https://aovivo.folha.uol.com.br/equilibrioesaude/2020/03/12/5888-acompanhe-todas-as-informacoes-sobre-a-pandemia-de-coronavirus.shtml >pandemia do novo coronavírus</a> foi um  brilhante sucesso , de acordo com a agência estatal de notícias KCNA. <a href= https://redir.folha.com.br/redir/online/emcimadahora/rss091/*https://www1.folha.uol.com.br/mundo/2020/07/kim-jong-un-diz-que-resposta-da-coreia-do-norte-a-pandemia-foi-brilhante-sucesso.shtml >Leia mais</a> (07/03/2020 - 18h33)|{ type :  text/html ,  language : None,  base :  https://feeds.folha.uol.com.br/emcimadahora/rss091.xml ,  value :  O ditador norte-coreano, Kim Jong-un, afirmou nesta sexta-feira (3) que a resposta de seu país à <a href= https://aovivo.folha.uol.com.br/equilibrioesaude/2020/03/12/5888-acompanhe-todas-as-informacoes-sobre-a-pandemia-de-coronavirus.shtml >pandemia do novo coronavírus</a> foi um  brilhante sucesso , de acordo com a agência estatal de notícias KCNA.\n<a href= https://redir.folha.com.br/redir/online/emcimadahora/rss091/*https://www1.folha.uol.com.br/mundo/2020/07/kim-jong-un-diz-que-resposta-da-coreia-do-norte-a-pandemia-foi-brilhante-sucesso.shtml >Leia mais</a> (07/03/2020 - 18h33) }|03 Jul 2020 18:33:00 -0300|time.struct_time(tm_year=2020, tm_mon=7, tm_mday=3, tm_hour=21, tm_min=33, tm_sec=0, tm_wday=4, tm_yday=185, tm_isdst=0)
Morre Leonardo Villar, ator de novelas que eternizou Zé do Burro no cinema|{ type :  text/plain ,  language : None,  base :  https://feeds.folha.uol.com.br/emcimadahora/rss091.xml ,  value :  Morre Leonardo Villar, ator de novelas que eternizou Zé do Burro no cinema }|[{ rel :  alternate ,  type :  text/html ,  href :  https://redir.folha.com.br/redir/online/emcimadahora/rss091/*https://www1.folha.uol.com.br/ilustrada/2020/07/morre-leonardo-villar-ator-de-novelas-que-eternizou-ze-do-burro-no-cinema.shtml }]|https://redir.folha.com.br/redir/online/emcimadahora/rss091/*https://www1.folha.uol.com.br/ilustrada/2020/07/morre-leonardo-villar-ator-de-novelas-que-eternizou-ze-do-burro-no-cinema.shtml|Conhecido do grande público por novelas da Globo e imortalizado no papel de Zé do Burro de  O Pagador de Promessas , de Anselmo Duarte, o ator Leonardo Villar morreu nesta sexta (3), aos 96 anos, depois de uma parada cardíaca. A informação foi confirmada por sua sobrinha, Taciana Rocca. <a href= https://redir.folha.com.br/redir/online/emcimadahora/rss091/*https://www1.folha.uol.com.br/ilustrada/2020/07/morre-leonardo-villar-ator-de-novelas-que-eternizou-ze-do-burro-no-cinema.shtml >Leia mais</a> (07/03/2020 - 18h32)|{ type :  text/html ,  language : None,  base :  https://feeds.folha.uol.com.br/emcimadahora/rss091.xml ,  value :  Conhecido do grande público por novelas da Globo e imortalizado no papel de Zé do Burro de  O Pagador de Promessas , de Anselmo Duarte, o ator Leonardo Villar morreu nesta sexta (3), aos 96 anos, depois de uma parada cardíaca. A informação foi confirmada por sua sobrinha, Taciana Rocca.\n<a href= https://redir.folha.com.br/redir/online/emcimadahora/rss091/*https://www1.folha.uol.com.br/ilustrada/2020/07/morre-leonardo-villar-ator-de-novelas-que-eternizou-ze-do-burro-no-cinema.shtml >Leia mais</a> (07/03/2020 - 18h32) }|03 Jul 2020 18:32:00 -0300|time.struct_time(tm_year=2020, tm_mon=7, tm_mday=3, tm_hour=21, tm_min=32, tm_sec=0, tm_wday=4, tm_yday=185, tm_isdst=0)
Homem é morto após tentar agredir policiais carregando cabeça decapitada, diz PM|{ type :  text/plain ,  language : None,  base :  https://feeds.folha.uol.com.br/emcimadahora/rss091.xml ,  value :  Homem é morto após tentar agredir policiais carregando cabeça decapitada, diz PM }|[{ rel :  alternate ,  type :  text/html ,  href :  https://redir.folha.com.br/redir/online/emcimadahora/rss091/*https://www1.folha.uol.com.br/cotidiano/2020/07/homem-e-morto-apos-tentar-agredir-policiais-carregando-cabeca-decapitada-diz-pm.shtml }]|https://redir.folha.com.br/redir/online/emcimadahora/rss091/*https://www1.folha.uol.com.br/cotidiano/2020/07/homem-e-morto-apos-tentar-agredir-policiais-carregando-cabeca-decapitada-diz-pm.shtml|Nesta sexta-feira (3) pela manhã, um homem armado com uma faca e carregando dentro de uma sacola uma cabeça decapitada, tentou ferir os policiais militares que atendiam à ocorrência e acabou morto. <a href= https://redir.folha.com.br/redir/online/emcimadahora/rss091/*https://www1.folha.uol.com.br/cotidiano/2020/07/homem-e-morto-apos-tentar-agredir-policiais-carregando-cabeca-decapitada-diz-pm.shtml >Leia mais</a> (07/03/2020 - 18h12)|{ type :  text/html ,  language : None,  base :  https://feeds.folha.uol.com.br/emcimadahora/rss091.xml ,  value :  Nesta sexta-feira (3) pela manhã, um homem armado com uma faca e carregando dentro de uma sacola uma cabeça decapitada, tentou ferir os policiais militares que atendiam à ocorrência e acabou morto.\n<a href= https://redir.folha.com.br/redir/online/emcimadahora/rss091/*https://www1.folha.uol.com.br/cotidiano/2020/07/homem-e-morto-apos-tentar-agredir-policiais-carregando-cabeca-decapitada-diz-pm.shtml >Leia mais</a> (07/03/2020 - 18h12) }|03 Jul 2020 18:12:00 -0300|time.struct_time(tm_year=2020, tm_mon=7, tm_mday=3, tm_hour=21, tm_min=12, tm_sec=0, tm_wday=4, tm_yday=185, tm_isdst=0)
Maduro ordena prisão de colaboradores de Guaidó por  roubo  de ouro da Venezuela|{ type :  text/plain ,  language : None,  base :  https://feeds.folha.uol.com.br/emcimadahora/rss091.xml ,  value :  Maduro ordena prisão de colaboradores de Guaidó por  roubo  de ouro da Venezuela }|[{ rel :  alternate ,  type :  text/html ,  href :  https://redir.folha.com.br/redir/online/emcimadahora/rss091/*https://www1.folha.uol.com.br/mundo/2020/07/maduro-ordena-prisao-de-colaboradores-de-guaido-por-roubo-de-ouro-da-venezuela.shtml }]|https://redir.folha.com.br/redir/online/emcimadahora/rss091/*https://www1.folha.uol.com.br/mundo/2020/07/maduro-ordena-prisao-de-colaboradores-de-guaido-por-roubo-de-ouro-da-venezuela.shtml|O Ministério Público da Venezuela ordenou a prisão e o congelamento de bens de 11 colaboradores do líder opositor Juan Guaidó, acusados de  traição à pátria  por, segundo o órgão, <a href= https://www1.folha.uol.com.br/mundo/2020/06/por-que-o-banco-da-inglaterra-nao-quer-devolver-31-toneladas-de-ouro-da-venezuela.shtml >roubarem do país reservas de ouro armazenadas no Banco da Inglaterra (BoE).</a> <a href= https://redir.folha.com.br/redir/online/emcimadahora/rss091/*https://www1.folha.uol.com.br/mundo/2020/07/maduro-ordena-prisao-de-colaboradores-de-guaido-por-roubo-de-ouro-da-venezuela.shtml >Leia mais</a> (07/03/2020 - 17h59)|{ type :  text/html ,  language : None,  base :  https://feeds.folha.uol.com.br/emcimadahora/rss091.xml ,  value :  O Ministério Público da Venezuela ordenou a prisão e o congelamento de bens de 11 colaboradores do líder opositor Juan Guaidó, acusados de  traição à pátria  por, segundo o órgão, <a href= https://www1.folha.uol.com.br/mundo/2020/06/por-que-o-banco-da-inglaterra-nao-quer-devolver-31-toneladas-de-ouro-da-venezuela.shtml >roubarem do país reservas de ouro armazenadas no Banco da Inglaterra (BoE).</a>\n<a href= https://redir.folha.com.br/redir/online/emcimadahora/rss091/*https://www1.folha.uol.com.br/mundo/2020/07/maduro-ordena-prisao-de-colaboradores-de-guaido-por-roubo-de-ouro-da-venezuela.shtml >Leia mais</a> (07/03/2020 - 17h59) }|03 Jul 2020 17:59:00 -0300|time.struct_time(tm_year=2020, tm_mon=7, tm_mday=3, tm_hour=20, tm_min=59, tm_sec=0, tm_wday=4, tm_yday=185, tm_isdst=0)
La Casserole comemora 66 anos com campanha de arrecadação e doação de refeições|{ type :  text/plain ,  language : None,  base :  https://feeds.folha.uol.com.br/emcimadahora/rss091.xml ,  value :  La Casserole comemora 66 anos com campanha de arrecadação e doação de refeições }|[{ rel :  alternate ,  type :  text/html ,  href :  https://redir.folha.com.br/redir/online/emcimadahora/rss091/*https://www1.folha.uol.com.br/empreendedorsocial/2020/07/la-casserole-comemora-66-anos-com-campanha-de-arrecadacao-e-doacao-de-refeicoes.shtml }]|https://redir.folha.com.br/redir/online/emcimadahora/rss091/*https://www1.folha.uol.com.br/empreendedorsocial/2020/07/la-casserole-comemora-66-anos-com-campanha-de-arrecadacao-e-doacao-de-refeicoes.shtml|Para celebrar os seus 66 anos, completados no dia 6 de maio, o restaurante francês La Casserole lançou a campanha Aniversário Solidário. A cada R$ 20 arrecadados via crowdfunding, a iniciativa doa uma refeição completa. <a href= https://redir.folha.com.br/redir/online/emcimadahora/rss091/*https://www1.folha.uol.com.br/empreendedorsocial/2020/07/la-casserole-comemora-66-anos-com-campanha-de-arrecadacao-e-doacao-de-refeicoes.shtml >Leia mais</a> (07/03/2020 - 17h55)|{ type :  text/html ,  language : None,  base :  https://feeds.folha.uol.com.br/emcimadahora/rss091.xml ,  value :  Para celebrar os seus 66 anos, completados no dia 6 de maio, o restaurante francês La Casserole lançou a campanha Aniversário Solidário. A cada R$ 20 arrecadados via crowdfunding, a iniciativa doa uma refeição completa.\n<a href= https://redir.folha.com.br/redir/online/emcimadahora/rss091/*https://www1.folha.uol.com.br/empreendedorsocial/2020/07/la-casserole-comemora-66-anos-com-campanha-de-arrecadacao-e-doacao-de-refeicoes.shtml >Leia mais</a> (07/03/2020 - 17h55) }|03 Jul 2020 17:55:00 -0300|time.struct_time(tm_year=2020, tm_mon=7, tm_mday=3, tm_hour=20, tm_min=55, tm_sec=0, tm_wday=4, tm_yday=185, tm_isdst=0)
Resorts de nudismo se adaptam à pandemia e pedem uso de um item: máscaras|{ type :  text/plain ,  language : None,  base :  https://feeds.folha.uol.com.br/emcimadahora/rss091.xml ,  value :  Resorts de nudismo se adaptam à pandemia e pedem uso de um item: máscaras }|[{ rel :  alternate ,  type :  text/html ,  href :  https://redir.folha.com.br/redir/online/emcimadahora/rss091/*https://www1.folha.uol.com.br/mundo/2020/07/resorts-de-nudismo-se-adaptam-a-pandemia-e-pedem-uso-de-um-item-mascaras.shtml }]|https://redir.folha.com.br/redir/online/emcimadahora/rss091/*https://www1.folha.uol.com.br/mundo/2020/07/resorts-de-nudismo-se-adaptam-a-pandemia-e-pedem-uso-de-um-item-mascaras.shtml|Empire Haven, um resort para férias rústicas situado nas férteis colinas da região de Finger Lakes, no Estado de Nova York, tem um slogan sedutor:  Afaste-se de tudo. Suas preocupações. Suas angústias. Até de suas roupas . <a href= https://redir.folha.com.br/redir/online/emcimadahora/rss091/*https://www1.folha.uol.com.br/mundo/2020/07/resorts-de-nudismo-se-adaptam-a-pandemia-e-pedem-uso-de-um-item-mascaras.shtml >Leia mais</a> (07/03/2020 - 17h49)|{ type :  text/html ,  language : None,  base :  https://feeds.folha.uol.com.br/emcimadahora/rss091.xml ,  value :  Empire Haven, um resort para férias rústicas situado nas férteis colinas da região de Finger Lakes, no Estado de Nova York, tem um slogan sedutor:  Afaste-se de tudo. Suas preocupações. Suas angústias. Até de suas roupas .\n<a href= https://redir.folha.com.br/redir/online/emcimadahora/rss091/*https://www1.folha.uol.com.br/mundo/2020/07/resorts-de-nudismo-se-adaptam-a-pandemia-e-pedem-uso-de-um-item-mascaras.shtml >Leia mais</a> (07/03/2020 - 17h49) }|03 Jul 2020 17:49:00 -0300|time.struct_time(tm_year=2020, tm_mon=7, tm_mday=3, tm_hour=20, tm_min=49, tm_sec=0, tm_wday=4, tm_yday=185, tm_isdst=0)
Antonio Banderas baixa para R$ 40 milhões valor de apartamento luxuoso para vender|{ type :  text/plain ,  language : None,  base :  https://feeds.folha.uol.com.br/emcimadahora/rss091.xml ,  value :  Antonio Banderas baixa para R$ 40 milhões valor de apartamento luxuoso para vender }|[{ rel :  alternate ,  type :  text/html ,  href :  https://redir.folha.com.br/redir/online/emcimadahora/rss091/*https://f5.folha.uol.com.br/celebridades/2020/07/antonio-banderas-baixa-para-r-40-milhoes-valor-de-apartamento-luxuoso-para-vender.shtml }]|https://redir.folha.com.br/redir/online/emcimadahora/rss091/*https://f5.folha.uol.com.br/celebridades/2020/07/antonio-banderas-baixa-para-r-40-milhoes-valor-de-apartamento-luxuoso-para-vender.shtml|O ator espanhol <a href= https://f5.folha.uol.com.br/celebridades/2019/11/antonio-banderas-conta-como-namorada-o-salvou-de-infarto-tive-uma-segunda-chance.shtml?aff_source=56d95533a8284936a374e3a6da3d7996 >Antonio </a><a href= https://f5.folha.uol.com.br/celebridades/2019/11/antonio-banderas-conta-como-namorada-o-salvou-de-infarto-tive-uma-segunda-chance.shtml?aff_source=56d95533a8284936a374e3a6da3d7996 >Banderas</a>, 59, resolveu baixar o preço de um apartamento de luxo que ele tem em Nova York. Agora, quem quiser levar o casarão imponente pode desembolsar cerca de R$ 40 milhões. <a href= https://redir.folha.com.br/redir/online/emcimadahora/rss091/*https://f5.folha.uol.com.br/celebridades/2020/07/antonio-banderas-baixa-para-r-40-milhoes-valor-de-apartamento-luxuoso-para-vender.shtml >Leia mais</a> (07/03/2020 - 17h40)|{ type :  text/html ,  language : None,  base :  https://feeds.folha.uol.com.br/emcimadahora/rss091.xml ,  value :  O ator espanhol <a href= https://f5.folha.uol.com.br/celebridades/2019/11/antonio-banderas-conta-como-namorada-o-salvou-de-infarto-tive-uma-segunda-chance.shtml?aff_source=56d95533a8284936a374e3a6da3d7996 >Antonio </a><a href= https://f5.folha.uol.com.br/celebridades/2019/11/antonio-banderas-conta-como-namorada-o-salvou-de-infarto-tive-uma-segunda-chance.shtml?aff_source=56d95533a8284936a374e3a6da3d7996 >Banderas</a>, 59, resolveu baixar o preço de um apartamento de luxo que ele tem em Nova York. Agora, quem quiser levar o casarão imponente pode desembolsar cerca de R$ 40 milhões.\n<a href= https://redir.folha.com.br/redir/online/emcimadahora/rss091/*https://f5.folha.uol.com.br/celebridades/2020/07/antonio-banderas-baixa-para-r-40-milhoes-valor-de-apartamento-luxuoso-para-vender.shtml >Leia mais</a> (07/03/2020 - 17h40) }|03 Jul 2020 17:40:00 -0300|time.struct_time(tm_year=2020, tm_mon=7, tm_mday=3, tm_hour=20, tm_min=40, tm_sec=0, tm_wday=4, tm_yday=185, tm_isdst=0)
Campinas recua para fase vermelha após alta de casos de Covid-19 e lotação de leitos|{ type :  text/plain ,  language : None,  base :  https://feeds.folha.uol.com.br/emcimadahora/rss091.xml ,  value :  Campinas recua para fase vermelha após alta de casos de Covid-19 e lotação de leitos }|[{ rel :  alternate ,  type :  text/html ,  href :  https://redir.folha.com.br/redir/online/emcimadahora/rss091/*https://www1.folha.uol.com.br/equilibrioesaude/2020/07/campinas-recua-para-fase-vermelha-apos-alta-de-casos-de-covid-19-e-lotacao-de-leitos.shtml }]|https://redir.folha.com.br/redir/online/emcimadahora/rss091/*https://www1.folha.uol.com.br/equilibrioesaude/2020/07/campinas-recua-para-fase-vermelha-apos-alta-de-casos-de-covid-19-e-lotacao-de-leitos.shtml|A região metropolitana de Campinas recuou para a fase vermelha no Plano São Paulo devido à <a href= https://www1.folha.uol.com.br/cotidiano/2020/07/sp-pode-ter-470-mik-casos-e-23-mil-mortes-por-covid-19-ate-a-metade-de-julho.shtml >alta do número de casos do novo coronavírus e à superlotação do sistema hospitalar,</a> anunciou nesta sexta-feira (3) o governo do estado. A nova fase entra em vigor na segunda-feira (6). <a href= https://redir.folha.com.br/redir/online/emcimadahora/rss091/*https://www1.folha.uol.com.br/equilibrioesaude/2020/07/campinas-recua-para-fase-vermelha-apos-alta-de-casos-de-covid-19-e-lotacao-de-leitos.shtml >Leia mais</a> (07/03/2020 - 17h23)|{ type :  text/html ,  language : None,  base :  https://feeds.folha.uol.com.br/emcimadahora/rss091.xml ,  value :  A região metropolitana de Campinas recuou para a fase vermelha no Plano São Paulo devido à <a href= https://www1.folha.uol.com.br/cotidiano/2020/07/sp-pode-ter-470-mik-casos-e-23-mil-mortes-por-covid-19-ate-a-metade-de-julho.shtml >alta do número de casos do novo coronavírus e à superlotação do sistema hospitalar,</a> anunciou nesta sexta-feira (3) o governo do estado. A nova fase entra em vigor na segunda-feira (6).\n<a href= https://redir.folha.com.br/redir/online/emcimadahora/rss091/*https://www1.folha.uol.com.br/equilibrioesaude/2020/07/campinas-recua-para-fase-vermelha-apos-alta-de-casos-de-covid-19-e-lotacao-de-leitos.shtml >Leia mais</a> (07/03/2020 - 17h23) }|03 Jul 2020 17:23:00 -0300|time.struct_time(tm_year=2020, tm_mon=7, tm_mday=3, tm_hour=20, tm_min=23, tm_sec=0, tm_wday=4, tm_yday=185, tm_isdst=0)
Mais de 1.200 empresários esperam liberação de crédito já aprovado pelo governo de SP|{ type :  text/plain ,  language : None,  base :  https://feeds.folha.uol.com.br/emcimadahora/rss091.xml ,  value :  Mais de 1.200 empresários esperam liberação de crédito já aprovado pelo governo de SP }|[{ rel :  alternate ,  type :  text/html ,  href :  https://redir.folha.com.br/redir/online/emcimadahora/rss091/*https://www1.folha.uol.com.br/colunas/painelsa/2020/07/empresarios-esperam-liberacao-de-credito-disponibilizado-pelo-governo-de-sp.shtml }]|https://redir.folha.com.br/redir/online/emcimadahora/rss091/*https://www1.folha.uol.com.br/colunas/painelsa/2020/07/empresarios-esperam-liberacao-de-credito-disponibilizado-pelo-governo-de-sp.shtml|<div dir= auto >Mais de 1.200 empresários que já tiveram seus pedidos de crédito aprovados na Desenvolve SP, a instituição financeira do governo paulista que colocou R$ 1 bilhão à disposição para ajudar pequenas e médias empresas na pandemia, ainda não receberam o desembolso porque estão parados na burocracia. Alguns dos que ainda estão na fila fizeram suas solicitações já nas primeiras semanas da pandemia.</div>  <div dir= auto > </div>  <div dir= auto > <div>Procurada pela coluna, a Desenvolve SP afirma que a procura foi muito alta e que em três meses, a demanda superou a soma de 11 anos de operações, com um aumento de 2.161% em abril e maio na comparação com março e fevereiro.</div>  <div> </div>  <div>Diz também que cerca de R$ 715 milhões já chegaram às mãos dos empresários em um total de 9.154 operações que envolvem também o Banco do Povo. Outras 4.076 propostas estão em análise na esteira de crédito e, segundo a Desenvolve SP, devem ser finalizadas nas próximas semanas.</div>  <div> </div> </div>  <div dir= auto >?</div>  <div dir= auto  style= color: rgb(33, 33, 33); font-family: Calibri, Arial, Helvetica, sans-serif; font-size: 16px; background-color: rgb(255, 255, 255); > </div> <a href= https://redir.folha.com.br/redir/online/emcimadahora/rss091/*https://www1.folha.uol.com.br/colunas/painelsa/2020/07/empresarios-esperam-liberacao-de-credito-disponibilizado-pelo-governo-de-sp.shtml >Leia mais</a> (07/03/2020 - 17h12)|{ type :  text/html ,  language : None,  base :  https://feeds.folha.uol.com.br/emcimadahora/rss091.xml ,  value :  <div dir= auto >Mais de 1.200 empresários que já tiveram seus pedidos de crédito aprovados na Desenvolve SP, a instituição financeira do governo paulista que colocou R$ 1 bilhão à disposição para ajudar pequenas e médias empresas na pandemia, ainda não receberam o desembolso porque estão parados na burocracia. Alguns dos que ainda estão na fila fizeram suas solicitações já nas primeiras semanas da pandemia.</div>\n\n<div dir= auto > </div>\n\n<div dir= auto >\n<div>Procurada pela coluna, a Desenvolve SP afirma que a procura foi muito alta e que em três meses, a demanda superou a soma de 11 anos de operações, com um aumento de 2.161% em abril e maio na comparação com março e fevereiro.</div>\n\n<div> </div>\n\n<div>Diz também que cerca de R$ 715 milhões já chegaram às mãos dos empresários em um total de 9.154 operações que envolvem também o Banco do Povo. Outras 4.076 propostas estão em análise na esteira de crédito e, segundo a Desenvolve SP, devem ser finalizadas nas próximas semanas.</div>\n\n<div> </div>\n</div>\n\n<div dir= auto >?</div>\n\n<div dir= auto  style= color: rgb(33, 33, 33); font-family: Calibri, Arial, Helvetica, sans-serif; font-size: 16px; background-color: rgb(255, 255, 255); >\n</div>\n<a href= https://redir.folha.com.br/redir/online/emcimadahora/rss091/*https://www1.folha.uol.com.br/colunas/painelsa/2020/07/empresarios-esperam-liberacao-de-credito-disponibilizado-pelo-governo-de-sp.shtml >Leia mais</a> (07/03/2020 - 17h12) }|03 Jul 2020 17:12:00 -0300|time.struct_time(tm_year=2020, tm_mon=7, tm_mday=3, tm_hour=20, tm_min=12, tm_sec=0, tm_wday=4, tm_yday=185, tm_isdst=0)
Tragédia brasileira durante pandemia tem vários componentes|{ type :  text/plain ,  language : None,  base :  https://feeds.folha.uol.com.br/emcimadahora/rss091.xml ,  value :  Tragédia brasileira durante pandemia tem vários componentes }|[{ rel :  alternate ,  type :  text/html ,  href :  https://redir.folha.com.br/redir/online/emcimadahora/rss091/*https://www1.folha.uol.com.br/mercado/2020/07/tragedia-brasileira-durante-pandemia-tem-varios-componentes.shtml }]|https://redir.folha.com.br/redir/online/emcimadahora/rss091/*https://www1.folha.uol.com.br/mercado/2020/07/tragedia-brasileira-durante-pandemia-tem-varios-componentes.shtml|Muitos estudos têm ressaltado os <a href= https://www1.folha.uol.com.br/mercado/coronavirus-o-debate-economico/ >efeitos da Covid-19</a> sobre contextos preexistentes de desigualdades. A indeterminação e os riscos de caráter sanitário e econômico são vivenciandos distintamente pelas pessoas, dependendo de sua ocupação, de seu acesso a recursos que permitem isolar-se e cuidar de si e dos outros, das suas condições de moradia e sanitárias. Em outras palavras, a pandemia nos atinge coletivamente, mas isso ocorre de modo que as hierarquias e formas de vulnerabilidade que já existiam condicionam nossas possibilidades de lidar com seus efeitos. <a href= https://redir.folha.com.br/redir/online/emcimadahora/rss091/*https://www1.folha.uol.com.br/mercado/2020/07/tragedia-brasileira-durante-pandemia-tem-varios-componentes.shtml >Leia mais</a> (07/03/2020 - 16h57)|{ type :  text/html ,  language : None,  base :  https://feeds.folha.uol.com.br/emcimadahora/rss091.xml ,  value :  Muitos estudos têm ressaltado os <a href= https://www1.folha.uol.com.br/mercado/coronavirus-o-debate-economico/ >efeitos da Covid-19</a> sobre contextos preexistentes de desigualdades. A indeterminação e os riscos de caráter sanitário e econômico são vivenciandos distintamente pelas pessoas, dependendo de sua ocupação, de seu acesso a recursos que permitem isolar-se e cuidar de si e dos outros, das suas condições de moradia e sanitárias. Em outras palavras, a pandemia nos atinge coletivamente, mas isso ocorre de modo que as hierarquias e formas de vulnerabilidade que já existiam condicionam nossas possibilidades de lidar com seus efeitos.\n<a href= https://redir.folha.com.br/redir/online/emcimadahora/rss091/*https://www1.folha.uol.com.br/mercado/2020/07/tragedia-brasileira-durante-pandemia-tem-varios-componentes.shtml >Leia mais</a> (07/03/2020 - 16h57) }|03 Jul 2020 16:57:00 -0300|time.struct_time(tm_year=2020, tm_mon=7, tm_mday=3, tm_hour=19, tm_min=57, tm_sec=0, tm_wday=4, tm_yday=185, tm_isdst=0)
